"Annee","DEPARTEMENT","Nb_vente","NbMaisons","NbApparts","PrixMoyen","Prixm2Moyen","SurfaceMoy","faits","POP","txpourmille"
2014,"01",5198,3516,1682,184844.013725729,1866.19853124347,101.761833497135,NA,618339,NA
2014,"02",4144,3824,320,115585.014405426,1209.14657244243,99.580393384114,NA,520155,NA
2014,"03",3260,2503,757,96619.0422629238,1040.37619708617,94.1159576224148,NA,337456,NA
2014,"04",1685,977,708,150105.055624732,1914.81728163605,77.787845244319,NA,157291,NA
2014,"05",2120,610,1510,148749.655853961,2045.28018094586,77.6140270809732,NA,135137,NA
2014,"06",16737,2725,14012,230182.737341366,2993.51823650557,74.1059449994834,NA,1078528,NA
2014,"07",2562,1987,575,139374.971037042,1653.29698791138,87.1550895318524,NA,318197,NA
2014,"08",1436,1194,242,118890.899023304,1229.65358994048,99.3024635274801,NA,206864,NA
2014,"09",1533,1301,232,116316.802411634,1300.83691439676,93.2830995327179,NA,145166,NA
2014,"10",2485,1549,936,126135.616433006,1228.64734343161,106.829297661769,NA,264719,NA
2014,"11",4721,3469,1252,124851.225932246,1293.32087545486,97.9842914878388,NA,358942,NA
2014,"12",2359,1594,765,114844.507218836,1305.37040407536,92.1681189215685,NA,272048,NA
2014,"13",17562,5935,11627,291445.633507215,3140.82940624206,92.0450568308692,NA,2004371,NA
2014,"14",7474,4559,2915,169348.383349324,1726.75639095762,102.353547681078,NA,667091,NA
2014,"15",1227,860,367,98035.4830995562,1151.03633129061,88.9352660222389,NA,139666,NA
2014,"16",3169,2914,255,115957.157050123,1108.84353858839,107.396283476219,NA,345902,NA
2014,"17",8108,6343,1765,148565.727327962,1501.30728192078,105.335202791493,NA,625187,NA
2014,"18",2727,2355,372,97037.3494183327,1063.63743726347,92.5714200092776,NA,305664,NA
2014,"19",1939,1561,378,105912.055475496,1211.48421850563,90.4133676753467,NA,226187,NA
2014,"21",5491,2908,2583,138019.960136158,1380.62593607633,102.854667799511,NA,513754,NA
2014,"22",5772,4932,840,119552.318677503,1263.22479022745,96.0254977515862,NA,594109,NA
2014,"23",1035,982,53,80001.9171092585,911.965493582448,89.9224996714762,NA,113997,NA
2014,"24",3587,3215,372,144152.548972991,1389.84984270031,104.02364567059,NA,391587,NA
2014,"25",4794,2399,2395,160443.345291688,1568.57349550885,106.688871919374,NA,514662,NA
2014,"26",4531,2829,1702,191011.019574136,1910.86635084407,102.656282454265,NA,487053,NA
2014,"27",4831,4214,617,159066.949733609,1674.01574703137,98.7381800323031,NA,556607,NA
2014,"28",3909,3192,717,148574.066878045,1594.38672926217,98.5351819692984,NA,428234,NA
2014,"29",9607,6955,2652,130487.120621715,1377.59992445942,97.0914998667896,NA,899475,NA
2014,"2A",1199,414,785,180517.418058884,2427.12639186002,70.6493483229168,NA,148213,NA
2014,"2B",1318,469,849,140621.566610701,1956.54495307218,73.7574096614402,NA,165222,NA
2014,"30",6577,4227,2350,186062.827477905,1956.39786922025,95.8886484845381,NA,727908,NA
2014,"31",13649,6102,7547,181777.301471861,1752.73726883117,107.842394372294,NA,1291236,NA
2014,"32",1545,1366,179,152853.46269697,1403.92700363636,112.821465515152,NA,172761,NA
2014,"33",16922,10416,6506,170647.68389662,1655.73500437376,108.463427316103,NA,1513660,NA
2014,"34",13911,6280,7631,185815.404754098,1989.57357081967,94.0881429836066,NA,1088464,NA
2014,"35",10054,5813,4241,140833.523538462,1529.63046953846,95.0090928615385,NA,1029933,NA
2014,"36",2011,1839,172,85296.2185067873,1011.09816606335,86.9064952941176,NA,223057,NA
2014,"37",5745,3975,1770,141914.072546816,1474.13478764045,99.6867437453184,NA,602810,NA
2014,"38",12006,5467,6539,189124.387621053,2019.50053894737,97.4806553263158,NA,1235101,NA
2014,"39",2219,1652,567,126682.115212766,1278.19602367021,102.961579281915,NA,244997,NA
2014,"40",4273,3060,1213,157139.243079585,1574.92460934256,105.590696782007,NA,390372,NA
2014,"41",2940,2542,398,119497.52408,1322.9162656,92.4783348,NA,330732,NA
2014,"42",6243,3235,3008,138913.159124579,1444.01738653199,97.6924133333333,NA,750400,NA
2014,"43",1787,1384,403,100231.636233184,1134.52124887892,92.2458330941704,NA,221792,NA
2014,"44",15128,9618,5510,162844.210676329,1829.3772173913,93.8327396618357,NA,1347735,NA
2014,"45",6065,4242,1823,145929.447184466,1529.83136828479,100.632236440129,NA,666623,NA
2014,"46",1463,1258,205,141705.117007874,1537.1428507874,97.8261641732283,NA,163186,NA
2014,"47",3196,2740,456,152935.080341297,1373.4038116041,114.219695870307,NA,327685,NA
2014,"48",558,449,109,110072.773243243,1353.00827297297,84.6676361261261,NA,69492,NA
2014,"49",6639,5048,1591,146678.828959538,1415.96993526012,104.629213930636,NA,803696,NA
2014,"50",4472,3953,519,118213.136519608,1297.06652352941,95.3395197303922,NA,493820,NA
2014,"51",4025,2372,1653,161763.394458204,1529.167525387,108.691293684211,NA,490811,NA
2014,"52",680,553,127,103460.899821429,1032.64256607143,103.211860535714,NA,95705,NA
2014,"53",2657,2321,336,103452.371486486,1132.04312207207,94.2958463063063,NA,303144,NA
2014,"54",6615,3992,2623,131751.811558442,1263.72977229437,109.84584995671,NA,714891,NA
2014,"55",1105,918,187,96737.1760089686,999.946069955157,99.5446906278027,NA,142155,NA
2014,"56",7346,5669,1677,144551.402822581,1582.31341048387,93.96074625,NA,740273,NA
2014,"58",2106,1842,264,84308.3993571429,992.834986785714,87.1510964285714,NA,209784,NA
2014,"59",23563,18508,5055,151413.639984177,1519.97036344937,101.723584810127,NA,2587659,NA
2014,"60",7070,5523,1547,168355.149093851,1837.33536893204,96.4597129449838,NA,801351,NA
2014,"61",2497,2277,220,113836.882029851,1244.01752089552,94.827263641791,NA,279952,NA
2014,"62",11559,10009,1550,140278.690778061,1457.08728201531,100.525852091837,NA,1450259,NA
2014,"63",6511,4049,2462,114204.265096618,1267.38655676328,92.4001096376812,NA,632683,NA
2014,"64",6617,2888,3729,169321.845534884,1576.84283790698,112.487163744186,NA,645788,NA
2014,"65",2254,1296,958,142052.426677741,1456.80926877076,105.38735192691,NA,209982,NA
2014,"66",6311,3602,2709,143890.245867347,1774.22283163265,82.623543622449,NA,458268,NA
2014,"69",17266,4908,12358,224067.368045977,2249.05281494253,101.350442260536,NA,1795929,NA
2014,"70",1348,1156,192,115770.362915129,1145.44023837638,104.420155756458,NA,173745,NA
2014,"71",4555,3541,1014,126459.292470588,1297.39981686275,99.3812765490196,NA,545363,NA
2014,"72",4908,4067,841,113257.043976261,1215.45188724036,94.4837464985163,NA,562567,NA
2014,"73",5808,1685,4123,178162.150423077,2311.97874115385,82.6610331923077,NA,423315,NA
2014,"74",9252,2997,6255,282323.989669118,3247.76568382353,89.4907656985294,NA,778663,NA
2014,"75",24693,95,24598,434432,8079.005,53.21589,NA,0,NA
2014,"76",11165,7693,3472,151905.5125966,1606.15265224111,98.3360327047914,NA,1244415,NA
2014,"77",13179,8543,4636,203904.494878543,2231.38515526316,98.4107738259109,NA,1375152,NA
2014,"78",13279,6223,7056,299049.79516129,3021.75770564516,104.745636491935,NA,1402826,NA
2014,"79",3265,3007,258,110072.940491803,1056.32166434426,107.039972008197,NA,370952,NA
2014,"80",4815,4079,736,122269.461419355,1334.32017193548,94.5214141935484,NA,544374,NA
2014,"81",3263,2765,498,152002.880855019,1404.33155427509,108.179987434944,NA,376990,NA
2014,"82",2247,1847,400,153512.02125,1447.31651079545,111.386213693182,NA,250280,NA
2014,"83",13188,5543,7645,267412.234246575,3086.43859589041,88.1523947945205,NA,1026613,NA
2014,"84",4866,3094,1772,267155.884671533,2624.04159854015,99.5711854744525,NA,552344,NA
2014,"85",7000,5920,1080,128238.192578125,1402.85884726562,97.1601679296875,NA,661411,NA
2014,"86",3963,3189,774,109079.026324111,1144.74402727273,97.6483196442688,NA,428952,NA
2014,"87",3275,2389,886,104861.157801047,1151.90090942408,93.2919237172775,NA,374831,NA
2014,"88",2805,2071,734,106791.833561644,1071.14972684932,103.066023424658,NA,351993,NA
2014,"89",3331,2851,480,108489.417246753,1182.59445194805,95.6583275064935,NA,336580,NA
2014,"90",1149,598,551,158604.018604651,1465.2346744186,110.545133604651,NA,140694,NA
2014,"91",10677,5884,4793,236129.345502646,2776.70577777778,90.7148612169312,NA,1256337,NA
2014,"92",15837,2247,13590,384137.761111111,5408.46352777778,70.1789919444444,NA,1597770,NA
2014,"93",10498,3731,6767,207710.4175,3364.47635,65.3717915,NA,1571028,NA
2014,"94",12000,3062,8938,271027.389361702,3992.51017021277,72.0090572340426,NA,1365039,NA
2014,"95",10248,5474,4774,240535.844,2840.24168571429,89.9994329142857,NA,1203656,NA
2015,"01",6036,4202,1834,187582.239215038,1856.03976505605,103.380409389896,NA,630015,NA
2015,"02",4643,4291,352,116120.664252351,1182.76937078354,102.43877557728,NA,522361,NA
2015,"03",3657,2850,807,98917.1793453539,1035.31342773919,96.1131968327256,NA,338042,NA
2015,"04",1728,1030,698,146116.701610695,1898.29449477382,78.0854590490541,NA,158099,NA
2015,"05",2349,769,1580,160869.799306814,1987.08264752604,84.2853704655775,NA,138917,NA
2015,"06",18533,3090,15443,241873.610092719,3079.74365532004,76.3049945707108,NA,1076767,NA
2015,"07",2883,2165,718,143367.919533749,1695.28714603506,88.2199922790843,NA,321024,NA
2015,"08",1555,1251,304,114281.96020969,1158.36682979338,100.830159459453,NA,206758,NA
2015,"09",1639,1420,219,113344.065669637,1263.64717434141,93.7672902142023,NA,145197,NA
2015,"10",2806,1856,950,122370.239199514,1192.30621055496,105.760436528403,NA,268126,NA
2015,"11",5216,3840,1376,127445.404131114,1309.29197634183,98.7805238081667,NA,360745,NA
2015,"12",2614,1826,788,113297.426030315,1223.42670562665,94.9090443329719,NA,275231,NA
2015,"13",20499,7237,13262,293934.692604204,3169.11571317456,92.4005832132534,NA,2016622,NA
2015,"14",9104,5691,3413,169293.825296449,1666.05396826688,104.189688500887,NA,672719,NA
2015,"15",1300,904,396,96642.0800953937,1140.28747374097,87.2360957342605,NA,138741,NA
2015,"16",3581,3339,242,119604.371274231,1112.70543608003,108.495522739319,NA,349333,NA
2015,"17",9053,7071,1982,146308.019074422,1474.13412113278,105.593250460027,NA,632140,NA
2015,"18",3095,2686,409,103026.600166984,1108.66867524385,93.6058554185022,NA,305331,NA
2015,"19",2178,1758,420,111186.041141214,1228.37912735939,93.4548414093691,NA,228543,NA
2015,"21",6300,3370,2930,134368.604913492,1341.21487810759,102.461815851739,NA,517105,NA
2015,"22",7045,6079,966,115072.211673943,1240.20856454535,94.9114677374966,NA,596110,NA
2015,"23",1128,1072,56,76962.158261417,842.281767071419,92.0621249450821,NA,115496,NA
2015,"24",4146,3703,443,148494.166063211,1398.10620693737,108.58391885957,NA,392715,NA
2015,"25",5293,2601,2692,152760.575093951,1541.6545909819,104.001504976861,NA,515807,NA
2015,"26",5130,3286,1844,190671.687592503,1910.74403194364,102.843100861521,NA,495444,NA
2015,"27",5387,4733,654,156150.719157105,1627.79756931306,101.16457550543,NA,560449,NA
2015,"28",4611,3770,841,145728.665510174,1538.79725908865,99.5068320018197,NA,432766,NA
2015,"29",11367,8236,3131,129880.255311837,1365.04156665942,98.405672739596,NA,906932,NA
2015,"2A",1328,441,887,187414.890003765,2270.73170301027,77.0275694797659,NA,149500,NA
2015,"2B",1282,446,836,139425.097358406,2033.45692042383,70.3949114814193,NA,166288,NA
2015,"30",7482,4782,2700,180144.490831057,1914.48729893499,95.8266912423893,NA,727924,NA
2015,"31",15508,7147,8361,184785.63994316,1750.92209289324,108.457268437113,NA,1308194,NA
2015,"32",1758,1588,170,156717.668511279,1363.92934639191,117.947254309295,NA,174995,NA
2015,"33",19737,12394,7343,172119.043905223,1655.11146037999,108.079871651506,NA,1542117,NA
2015,"34",15705,7228,8477,190342.11868016,2018.22689733912,93.9950040781128,NA,1111648,NA
2015,"35",12220,7266,4954,145993.103725462,1517.53881609151,99.4463174401877,NA,1041774,NA
2015,"36",2070,1923,147,92773.5767624956,1008.81259572214,92.2107964483673,NA,221177,NA
2015,"37",6322,4346,1976,134946.719643234,1448.76715705616,96.8689204404633,NA,604343,NA
2015,"38",13735,6325,7410,185530.528771561,1953.42938533948,98.7311864174566,NA,1244901,NA
2015,"39",2496,1831,665,126886.553465921,1269.68405077415,104.393917909854,NA,248217,NA
2015,"40",5073,3613,1460,154049.149844163,1530.96719495982,106.6407106958,NA,396380,NA
2015,"41",3371,2917,454,126119.467265625,1325.40937929687,98.588581640625,NA,330856,NA
2015,"42",6785,3605,3180,137741.803235294,1434.99770261438,98.2251737908497,NA,756112,NA
2015,"43",2062,1600,462,101311.329864253,1110.10304886878,93.2178959276018,NA,222822,NA
2015,"44",16453,10245,6208,164706.202731707,1787.21608682927,95.9214145853659,NA,1362404,NA
2015,"45",7131,5135,1996,138343.404267516,1495.47765732484,96.5151502547771,NA,671239,NA
2015,"46",1695,1492,203,139985.456740741,1458.60486037037,98.3037072222222,NA,166058,NA
2015,"47",3574,3094,480,147643.97887372,1345.85468054608,111.630763412969,NA,328780,NA
2015,"48",545,457,88,118388.355245902,1437.14525983607,84.5392762295082,NA,72568,NA
2015,"49",7803,5828,1975,140104.159318182,1411.79139943182,102.165482897727,NA,808698,NA
2015,"50",5215,4597,618,123277.019534314,1299.2519495098,98.1252520588235,NA,494256,NA
2015,"51",4573,2742,1831,164755.999270517,1513.06685835866,111.715242066869,NA,492143,NA
2015,"52",723,586,137,107445.013461538,1050.44346346154,105.069726923077,NA,93471,NA
2015,"53",3276,2823,453,105828.136978723,1099.62082723404,98.4713716170213,NA,306641,NA
2015,"54",7532,4585,2947,134715.507484144,1262.6498589852,111.426988668076,NA,719007,NA
2015,"55",1225,1087,138,94575.5952765957,913.96598,109.283305617021,NA,142509,NA
2015,"56",8769,6640,2129,146128.079112903,1591.87294395161,94.5412156048387,NA,744696,NA
2015,"58",2254,1991,263,85164.1777695167,961.258691449814,91.3558030483271,NA,207373,NA
2015,"59",26970,21045,5925,154448.556415094,1528.45780487421,103.058600801887,NA,2597404,NA
2015,"60",8166,6445,1721,168996.693291339,1820.67806031496,98.0201958267717,NA,812132,NA
2015,"61",2659,2409,250,117833.010269461,1284.83284131737,94.7391497305389,NA,279678,NA
2015,"62",13243,11535,1708,137810.000418204,1381.49028154982,102.930265891759,NA,1457399,NA
2015,"63",7031,4433,2598,118033.223738532,1262.72782889908,95.371342087156,NA,639573,NA
2015,"64",8075,3391,4684,166137.210654628,1549.94752776524,111.996435327314,NA,650502,NA
2015,"65",2681,1563,1118,135527.539329073,1398.15971086262,104.527472907348,NA,212575,NA
2015,"66",7033,4026,3007,140057.2951,1737.2948435,81.99425745,NA,465332,NA
2015,"69",19808,5669,14139,220752.311022727,2194.94637992424,102.993093863636,NA,1816489,NA
2015,"70",1515,1282,233,115848.594539007,1126.8300677305,106.532392801418,NA,174773,NA
2015,"71",5101,4006,1095,125813.6235,1278.73051423077,100.092027134615,NA,547215,NA
2015,"72",5821,4799,1022,113583.131153846,1215.48396331361,95.8450149408284,NA,564680,NA
2015,"73",6312,1990,4322,182960.436007605,2261.50178326996,86.894293269962,NA,425907,NA
2015,"74",10340,3346,6994,282577.366410256,3166.25342490842,92.9381311355311,NA,790058,NA
2015,"75",29553,121,29432,436988.9,8042.958,53.67739,NA,0,NA
2015,"76",12831,8865,3966,151677.890779817,1615.13649189602,98.0687799541284,NA,1245004,NA
2015,"77",15217,9804,5413,203311.295818182,2189.21437717172,100.651997414141,NA,1387877,NA
2015,"78",14432,6649,7783,294992.948192771,2943.3754497992,105.041554176707,NA,1412936,NA
2015,"79",3636,3353,283,104797.595220884,1001.27415742972,106.014663373494,NA,373380,NA
2015,"80",5500,4674,826,124657.180385233,1354.11507720706,95.5428949277689,NA,545767,NA
2015,"81",3609,3060,549,152890.214154412,1409.69885955882,110.031275625,NA,380331,NA
2015,"82",2573,2113,460,148078.072,1402.27568857143,109.765544571429,NA,252638,NA
2015,"83",14733,6315,8418,253891.812465753,2994.11276712329,86.6634193835616,NA,1042233,NA
2015,"84",5400,3470,1930,275863.030344828,2615.66843448276,103.579721034483,NA,556981,NA
2015,"85",8463,7065,1398,129985.361912351,1401.39840557769,97.7329877290837,NA,663398,NA
2015,"86",4261,3434,827,111122.178527132,1111.69945426357,102.820117054264,NA,433298,NA
2015,"87",3899,2850,1049,103199.739635417,1105.82769114583,95.36842796875,NA,374176,NA
2015,"88",3234,2379,855,104326.664850136,1016.44412888283,107.038426348774,NA,352349,NA
2015,"89",3660,3171,489,110249.19638961,1192.2971561039,95.8909392987013,NA,336054,NA
2015,"90",1202,611,591,164608.814823529,1517.17614941176,108.77883,NA,140811,NA
2015,"91",12620,6936,5684,243968.682352941,2722.77341176471,95.865311657754,NA,1271770,NA
2015,"92",18025,2347,15678,376201.258333333,5328.06061111111,69.7756230555556,NA,1601569,NA
2015,"93",11555,4008,7547,206655.955,3274.437475,66.27552775,NA,1592663,NA
2015,"94",13784,3549,10235,269752.34893617,3931.62110638298,72.239019787234,NA,1372389,NA
2015,"95",11950,6506,5444,240129.210982659,2756.61505780347,93.3130532369942,NA,1214241,NA
2016,"01",6593,4508,2085,185269.696728012,1817.41483720683,104.206524489416,18628,638425,29.1780553706387
2016,"02",4780,4355,425,114444.148810325,1168.7469907851,102.083124580143,18200,536136,33.9466105614993
2016,"03",3809,2954,855,97565.9317022054,1033.87716134187,94.9114803114583,10407,339384,30.6643801711336
2016,"04",1927,1096,831,154222.971044356,1875.49121696262,82.8998845408635,6684,162565,41.1158613477686
2016,"05",2350,770,1580,147241.401580831,1986.14128922683,77.9101904140138,5448,141107,38.6089988448482
2016,"06",20600,3373,17227,238246.389692056,3001.40718698109,77.5231091873535,65039,1083704,60.0154654776581
2016,"07",3111,2368,743,145941.702700125,1686.69126045904,90.3520540547092,9077,325157,27.9157453168777
2016,"08",1734,1388,346,122201.534291384,1203.68209722901,105.011689427139,9093,275371,33.0209063409001
2016,"09",1838,1584,254,116452.791192553,1288.07302647663,94.4535961619001,5086,153067,33.227279557318
2016,"10",3004,1961,1043,128637.511627912,1242.90343027712,107.664598936049,12142,308910,39.3059467158719
2016,"11",5628,4155,1473,122372.872222464,1302.68550046441,95.7714169009139,16585,368025,45.0648733102371
2016,"12",2859,1937,922,113595.855728724,1231.35927225508,95.7096768588773,5884,278697,21.1125344011597
2016,"13",22133,7785,14348,313934.130860872,3288.44480924557,94.5685346961466,138663,2019717,68.6546679559562
2016,"14",9806,5966,3840,173699.070245127,1692.01955151827,105.708181347132,22668,693679,32.6779389314078
2016,"15",1440,1030,410,99839.5289659078,1116.60068693093,95.0436238762138,2914,145969,19.9631428591002
2016,"16",3782,3485,297,115728.109094709,1064.3279402381,109.599414572575,11789,353288,33.3693756934852
2016,"17",10520,8224,2296,150660.493548208,1479.90409966778,108.993901718859,25749,642191,40.0955478977438
2016,"18",3364,2902,462,109312.743407098,1125.70010233748,96.7512164535191,10538,307110,34.313438181759
2016,"19",2252,1793,459,106914.182885104,1187.30552778238,92.6632102416526,6350,241535,26.2901856873745
2016,"21",6739,3504,3235,137576.042403028,1336.06001331754,104.880390815777,17675,533213,33.1481040409742
2016,"22",7816,6653,1163,117960.273212021,1256.11382869239,95.7984123476808,15641,598953,26.1139020924847
2016,"23",1213,1151,62,80754.0988512323,844.833675397554,98.8023576089246,2374,119502,19.8657763049991
2016,"24",4464,3964,500,143260.546773061,1418.53699925997,105.24356867566,10536,414789,25.4008664646362
2016,"25",5376,2691,2685,154900.607026652,1537.14687774617,104.615880534477,19210,538549,35.6699204714891
2016,"26",5612,3526,2086,199524.832932791,1999.2777895394,102.003957697902,23845,508006,46.9384219871419
2016,"27",5558,4867,691,159898.466758277,1650.63282795059,101.185751978659,19178,602825,31.8135445610252
2016,"28",4927,4144,783,149377.401920886,1527.3116681903,102.509473665078,13210,433929,30.4427682869778
2016,"29",12042,8675,3367,131695.027937079,1368.76298315011,99.0172996950683,28456,908249,31.3306152828134
2016,"2A",1482,489,993,193301.309031089,2396.76559935091,74.9354989304013,5736,154303,37.1736129563262
2016,"2B",1489,553,936,152647.376056147,2055.06701007798,72.7370783918744,5606,176152,31.8247876833644
2016,"30",8193,5151,3042,189718.407717718,1956.23862882883,98.2697957957958,33462,742006,45.0966703773285
2016,"31",16495,7530,8965,183849.719255533,1727.45392474849,109.143297907445,74667,1348183,55.3834308843829
2016,"32",1978,1740,238,155947.544916201,1352.49826815642,119.745612905028,4737,190664,24.8447530734696
2016,"33",22211,13884,8327,175196.560438247,1675.82742330677,109.484149203187,73549,1566679,46.9458006394418
2016,"34",17487,7920,9567,186615.166189024,1970.27126280488,94.7796870121951,67145,1132481,59.2901779367601
2016,"35",13153,7651,5502,145062.481424242,1507.62709121212,98.7902623636364,33056,1051779,31.4286556396353
2016,"36",2214,2038,176,90346.3076363636,973.268281818182,94.0584809090909,5724,223505,25.6101653206863
2016,"37",7084,4787,2297,145374.994382022,1477.03968876404,101.47649011236,20676,606223,34.1062612273041
2016,"38",14382,6775,7607,188662.008818565,1988.80066666667,98.9808875949367,55323,1252912,44.1555352650466
2016,"39",2611,1909,702,133101.321540404,1298.59744646465,107.709430025253,6839,260517,26.2516457659193
2016,"40",5740,4050,1690,158079.052666667,1553.34372333333,107.1692302,13862,405010,34.2263153996198
2016,"41",3503,3053,450,125367.21765625,1270.3124765625,99.957847109375,10768,332769,32.3587834203306
2016,"42",7342,4032,3310,145951.527218543,1471.63635695364,102.932185430464,30235,761997,39.6786339053828
2016,"43",2252,1818,434,105685.249339207,1152.92243480176,95.0930752863436,5256,227339,23.1196583076375
2016,"44",18551,11408,7143,166849.150096618,1805.35739082126,95.7757585507246,68428,1380852,49.5549124743274
2016,"45",7583,5402,2181,141870.148761905,1467.37165968254,100.734768857143,25069,674330,37.1761600403363
2016,"46",1857,1629,228,139280.329748201,1415.60975179856,99.761529676259,3974,173347,22.9251155197379
2016,"47",3803,3299,504,148285.60003268,1365.2390496732,110.27209496732,11198,332833,33.644500395093
2016,"48",553,477,76,107587.270178571,1342.38133125,82.9904207142857,1592,76422,20.8316976786789
2016,"49",8414,6233,2181,144172.785965909,1422.184075,104.656626761364,24483,810934,30.1911129635704
2016,"50",5461,4786,675,128175.245942721,1333.629275179,100.015475823389,11097,498362,22.266946516789
2016,"51",4900,2837,2063,165443.100729483,1481.01602917933,114.080617537994,23907,570883,41.8772322875265
2016,"52",771,610,161,100657.248679245,1012.04426415094,102.746017735849,5985,178084,33.6077356752993
2016,"53",3088,2641,447,107300.230519481,1112.7463017316,97.6735226406926,7456,307688,24.2323392527495
2016,"54",7910,4878,3032,134283.020144928,1251.00378364389,110.988826915114,27226,733821,37.1016910118408
2016,"55",1293,1134,159,98688.8224017467,924.94905720524,109.65470139738,5877,189055,31.0861918489328
2016,"56",9826,7248,2578,146122.408427419,1577.71078427419,94.7550083467742,20870,747548,27.9179397175834
2016,"58",2499,2143,356,84663.699430605,969.028048754448,87.9206608185053,6137,209161,29.3410339403617
2016,"59",28296,22244,6052,155710.59754717,1523.31915251572,103.981933286164,143880,2603723,55.2593344222869
2016,"60",8868,6970,1898,170416.52878882,1849.04082453416,97.1938616770186,34586,823542,41.9966437655882
2016,"61",2826,2549,277,112519.466393939,1191.38010848485,96.6972094848485,7248,285308,25.404124665274
2016,"62",14067,12151,1916,140917.015550122,1419.49600709046,102.52444809291,61905,1470725,42.0914854918493
2016,"63",7465,4642,2823,119042.990976744,1267.14464465116,95.4183675581395,23416,650700,35.9858613800523
2016,"64",8897,3683,5214,175817.119579646,1604.54912234513,115.895393252212,20816,673986,30.8849145234471
2016,"65",2938,1687,1251,136314.714373089,1391.89605107034,103.697097278287,7539,227829,33.0906074292562
2016,"66",7778,4342,3436,143006.357073171,1713.12764390244,85.3100909268293,24205,474369,51.0256783221501
2016,"69",21326,6124,15202,225884.53904943,2255.97163460076,101.864430380228,110508,1835903,60.1927226002681
2016,"70",1496,1286,210,113671.272752613,1076.82337038328,109.953124390244,6672,237242,28.1231822358604
2016,"71",5251,4115,1136,122825.134422701,1268.46420958904,99.4834956360078,15318,555023,27.5988562636143
2016,"72",6084,5059,1025,114594.105906433,1200.79622807018,96.7414788888889,19445,567561,34.2606345397235
2016,"73",6612,1987,4625,182651.050458015,2296.69940419847,86.6283849236641,17741,429681,41.2887700410304
2016,"74",11300,3839,7461,283947.568363636,3219.14737090909,92.5325386909091,29399,801416,36.6838196392385
2016,"75",28144,118,28026,441105.7,8244.506,52.86903,254710,2190327,116.288572436901
2016,"76",13208,9000,4208,152466.519557927,1590.03801692073,100.116121463415,48649,1255755,38.7408371855975
2016,"77",16379,10383,5996,207688.069092742,2213.62903427419,100.639098266129,62827,1397665,44.9514010868127
2016,"78",16132,7697,8435,301129.064031621,2943.56329644269,107.789191304348,58910,1431808,41.1437846415162
2016,"79",3880,3547,333,111130.793455285,1015.01666626016,110.579566219512,9558,374743,25.5054797554591
2016,"80",6092,5160,932,121501.980189274,1300.33141119874,96.4972929179811,22566,572744,39.3998016565865
2016,"81",4040,3354,686,152219.612198582,1389.04814503546,111.011365390071,12046,386448,31.1710760568045
2016,"82",2750,2212,538,148895.594530387,1369.43833812155,112.87824679558,8765,256897,34.1187324102656
2016,"83",16344,7100,9244,253499.238979592,2937.59208163265,88.554118707483,53489,1055821,50.6610495529072
2016,"84",6154,4051,2103,269972.417241379,2600.4645862069,102.337406551724,26340,559014,47.1186768131031
2016,"85",9161,7561,1600,129209.597937743,1391.79638599222,97.7046363424125,18235,670597,27.1921884529755
2016,"86",4708,3786,922,113055.645826772,1134.08403267717,101.433892322835,13122,436069,30.091568077529
2016,"87",4113,2966,1147,104520.204315789,1141.07616368421,94.2851403157895,10867,374978,28.9803668481884
2016,"88",3415,2543,872,101160.623333333,1042.49786612022,102.598159726776,11000,369641,29.7586036181051
2016,"89",3694,3195,499,108734.133578947,1191.41608026316,95.4871226842105,12835,340544,37.689696485623
2016,"90",1159,608,551,156982.627386364,1477.98088636364,107.651860681818,5341,144089,37.067368085003
2016,"91",13325,7245,6080,248844.020744681,2736.43422340426,97.3417792021277,56998,1287330,44.2761374317386
2016,"92",19251,2562,16689,398101.908333333,5437.67308333333,71.6221691666667,75223,1603268,46.9185438741371
2016,"93",12794,4383,8411,209860.2875,3310.748725,66.20537175,119128,1606660,74.146365752555
2016,"94",14551,3782,10769,273852.757446809,3985.17929787234,72.628944893617,72792,1378151,52.8185953498564
2016,"95",12608,6835,5773,244334.774860335,2758.5422122905,94.6787812290503,64762,1221923,53.000066288956
2017,"01",3908,2715,1193,194414.753909915,1885.20501261457,105.324372846767,18568,643350,28.8614284604026
2017,"02",2724,2515,209,118475.016620738,1182.70267506909,103.525276036084,18525,534490,34.6592078429905
2017,"03",2173,1671,502,99408.6472985344,1009.44743188762,98.421379966449,10837,337988,32.0632685184089
2017,"04",1167,703,464,155302.506020651,1927.51590443686,83.1097594273347,6529,163915,39.8316200469756
2017,"05",1429,498,931,159384.684196411,2075.03157659901,81.4073964095047,5545,141284,39.2471900569067
2017,"06",11775,1969,9806,247610.453443843,3190.77668861315,75.7168885777089,61505,1083310,56.7750690014862
2017,"07",1907,1518,389,154969.397018176,1766.39952439518,91.2646471670893,9377,325712,28.7892371174535
2017,"08",1210,1030,180,113276.48388929,1112.04435034063,107.30675165512,8770,273579,32.0565540483736
2017,"09",1124,961,163,117033.76208163,1311.20689365083,92.8720807567464,4874,153153,31.8243847655612
2017,"10",1822,1238,584,120326.540379412,1183.03688307292,104.825245973588,11538,310020,37.2169537449197
2017,"11",3372,2463,909,126397.535841177,1337.4623127919,96.6894245524296,16651,370260,44.9711013882137
2017,"12",1597,1117,480,112825.722591209,1205.91317737637,94.6784976533625,6055,279206,21.6864967085235
2017,"13",13019,4751,8268,328238.808544507,3356.69989304203,96.7172065311801,134874,2024162,66.6320185834928
2017,"14",5873,3543,2330,189979.396322649,1834.16088413675,105.704779649285,23093,694002,33.2751202446102
2017,"15",756,580,176,103699.205204128,1072.77667770878,98.9850631820464,2858,145143,19.6909255010576
2017,"16",2164,1976,188,121871.875783025,1121.97476665454,110.298554892075,11689,352335,33.1758127918033
2017,"17",6522,5157,1365,162359.924706437,1572.19859175776,109.357417477858,26339,644303,40.8798344878109
2017,"18",1948,1672,276,99763.2472691577,1113.63591562933,94.1171377772374,10238,304256,33.6492953302482
2017,"19",1429,1179,250,108683.373967193,1183.7374887527,95.0713551470456,6555,241464,27.1469038862936
2017,"21",3881,2104,1777,149798.658403698,1438.6119748833,105.578091752645,17840,533819,33.4195673065215
2017,"22",4370,3748,622,121792.142256633,1288.36504202397,96.3972324631429,15883,598814,26.5240959630202
2017,"23",661,629,32,80020.7025074925,888.206637806638,93.5439652939653,2574,118638,21.6962524654832
2017,"24",2695,2432,263,151263.631985863,1412.1175828508,108.92206541894,11074,413606,26.7742731004869
2017,"25",3132,1615,1517,172796.451156594,1689.18009671758,105.978955346443,18574,539067,34.4558283107666
2017,"26",3444,2280,1164,197767.616527302,1977.48891655803,101.826451992846,22112,511553,43.225237658659
2017,"27",3630,3225,405,161557.873749394,1639.62005639913,102.592934707104,18659,601843,31.003102137933
2017,"28",2799,2371,428,155970.624738624,1569.83335484641,103.79940759956,12879,433233,29.7276523256539
2017,"29",7119,5191,1928,136724.859603613,1402.68950999185,99.4247645124905,29386,909028,32.3268370171216
2017,"2A",933,321,612,207871.549302509,2732.39599833499,74.6702535676252,5406,157249,34.3785970022067
2017,"2B",916,284,632,144484.978743413,2083.63774811095,69.1686131860574,5620,177689,31.6282943795058
2017,"30",4873,3210,1663,197642.13273276,2005.97109226182,99.0142715734975,33527,744178,45.0523933790034
2017,"31",9657,4493,5164,195777.584669373,1822.28696622614,110.754830825979,75652,1362672,55.5173952352437
2017,"32",1215,1075,140,160662.838405831,1322.55176507463,124.538097256268,4931,191091,25.8044596553475
2017,"33",13323,8462,4861,195128.73941976,1829.3191683258,111.771103830231,78416,1583384,49.5243099589234
2017,"34",10308,4700,5608,194453.442567687,2057.82952900582,95.6456072906989,66669,1144892,58.2316934697771
2017,"35",8050,4711,3339,153867.025396554,1567.55225304356,100.474758327259,34783,1060199,32.8079917072172
2017,"36",1264,1155,109,85873.7622560868,959.42199434914,90.9830386654532,6308,222232,28.3847510709529
2017,"37",4321,2926,1395,150438.870702822,1526.51701845272,101.242252333678,22339,606511,36.831978315315
2017,"38",8504,4115,4389,201002.871783084,2098.13155721691,99.3049004840328,56935,1258722,45.2323864999579
2017,"39",1505,1122,383,134735.834084346,1342.23113675765,104.154046904075,7327,260188,28.1604070902578
2017,"40",3409,2457,952,178994.181755273,1693.88751969384,112.308514279256,13472,407444,33.0646665554039
2017,"41",2007,1741,266,131007.955861026,1298.99115907875,101.442375248831,11019,331915,33.1982585903017
2017,"42",4407,2486,1921,147518.731360858,1475.93851469426,101.583062819944,29558,762941,38.7421832094487
2017,"43",1251,1020,231,103536.203531335,1114.01465754723,94.7841376777774,5143,227283,22.6281772063903
2017,"44",11308,7002,4306,175144.849637408,1875.66738942126,97.6544321147697,71120,1394909,50.9854047826776
2017,"45",4264,3096,1168,146265.957632853,1510.43768187792,99.6653132311638,24290,678105,35.8204112932363
2017,"46",1108,963,145,140081.654013527,1431.47350010195,101.124959521167,4438,173828,25.5309846514946
2017,"47",2270,1973,297,151548.744229358,1382.48867687446,113.0600551057,11049,332842,33.1959308020022
2017,"48",358,312,46,110656.357753077,1415.24889538071,81.9309112324264,1646,76601,21.4879701309382
2017,"49",4956,3769,1187,152880.707205826,1455.86140279634,105.857954283752,23925,813493,29.4102100448314
2017,"50",3278,2888,390,128411.904042177,1374.59489460994,97.1322465744142,11771,496883,23.6896814743109
2017,"51",3153,1932,1221,157079.240382713,1485.47371453796,108.20335981086,23630,568895,41.536663180376
2017,"52",793,696,97,95184.493446209,904.091165440285,108.983605257313,5960,175640,33.9330448644956
2017,"53",1849,1594,255,112315.758152372,1123.53725777169,100.932312564195,7534,307445,24.5051960513263
2017,"54",4663,2897,1766,143522.711184004,1344.12299875484,111.18764918272,26788,733481,36.5217367593707
2017,"55",979,880,99,100958.813576976,940.314719900732,111.453866366635,5656,187187,30.2157735312816
2017,"56",5972,4412,1560,152104.55713155,1605.12158790741,96.5395476703153,22291,750863,29.687173292598
2017,"58",1412,1259,153,84121.6724585823,964.055068864069,89.1981303810498,6390,207182,30.8424477029858
2017,"59",15906,12385,3521,164893.953544245,1594.15174833211,104.191795346316,139000,2604361,53.372017166591
2017,"60",5062,4060,1002,177045.317652924,1870.26224588206,100.061382867626,33937,824503,41.1605536911327
2017,"61",1658,1531,127,113429.248034394,1171.25005760893,98.0243547273819,7755,283372,27.3668534647036
2017,"62",7971,6774,1197,145405.859708848,1428.49964553669,104.404564843981,58974,1468018,40.1725319444312
2017,"63",4177,2603,1574,124414.439122454,1333.10223242245,95.3808068803586,24972,653742,38.1985553934121
2017,"64",5155,2176,2979,182430.077581345,1677.6168899176,114.37928146627,22773,677309,33.6227630224905
2017,"65",1626,934,692,140635.792584659,1424.69441890418,105.222596915031,7789,228530,34.0830525532753
2017,"66",4691,2675,2016,156467.26651059,1818.4990754676,86.6935545427596,24533,474452,51.7080758432887
2017,"69",12404,3704,8700,242155.110217639,2390.5105529859,102.630823500512,114878,1843319,62.3212802558863
2017,"70",1221,1075,146,112151.664451219,1056.03915611434,109.804153604156,6568,236659,27.753011717281
2017,"71",3029,2335,694,129764.96184533,1280.60850430181,103.363822284302,15684,553595,28.3311807368202
2017,"72",3506,2890,616,120777.839836536,1242.84269093979,98.7768154593835,19020,566506,33.5742251626638
2017,"73",4045,1305,2740,196871.216887786,2402.6712904572,87.0720042633322,17466,431174,40.5080083678515
2017,"74",6561,2239,4322,300194.933445702,3319.02312426052,93.5977141622827,30399,807360,37.6523483947681
2017,"75",15829,64,15765,479740.084907448,8965.30797902584,52.880535725567,257472,2187526,117.700086764683
2017,"76",7814,5347,2467,159130.104973495,1626.97843115732,100.906777184125,49447,1254378,39.4195370135637
2017,"77",9438,6215,3223,217086.770623655,2310.02169335782,101.284447726897,63404,1403997,45.1596406545028
2017,"78",9228,4550,4678,315665.175110592,3005.25325414201,109.566923273645,56851,1438266,39.5274587593672
2017,"79",2421,2260,161,113675.990063571,1039.66872267803,110.607568358583,10693,374351,28.564101605178
2017,"80",3460,2885,575,132367.338874677,1405.1588862998,98.6549649420992,23355,572443,40.7988218914372
2017,"81",2329,1973,356,157209.063973375,1428.81402037181,111.841464074368,12086,387890,31.158318079868
2017,"82",1581,1268,313,156559.087622495,1507.6282070125,109.749116304058,8592,258349,33.2573379420861
2017,"83",9909,4476,5433,270758.989992094,3057.26702514854,89.4170467107085,52657,1058740,49.7355346921813
2017,"84",3404,2346,1058,270965.333114626,2618.23079108235,103.193357335319,25097,559479,44.8578052080596
2017,"85",5919,4941,978,135073.681618935,1443.15645215291,98.312830467309,18848,675247,27.912748964453
2017,"86",2813,2194,619,113313.09001565,1135.59081664853,101.674733109124,13746,436876,31.4643056611029
2017,"87",2385,1702,683,105200.559357762,1112.74364737971,97.4317793619554,10864,374426,29.0150790810467
2017,"88",2011,1466,545,107497.353812285,1048.60470201833,106.825756120391,11404,367673,31.0166914622504
2017,"89",2111,1851,260,113702.766955253,1210.37796709893,97.2642080547701,12866,338291,38.0323449337996
2017,"90",736,397,339,165722.956700451,1620.46895626803,106.197987334474,5373,142622,37.6730097740882
2017,"91",8016,4498,3518,254109.140992003,2846.93263062386,94.9322939424192,56099,1296130,43.2819238810922
2017,"92",10569,1415,9154,415363.107081122,5798.84230704198,70.9320109055502,73039,1609306,45.3854021547176
2017,"93",7359,2569,4790,223261.238578516,3481.00761405872,67.6666150440917,121586,1623111,74.9092329483319
2017,"94",8499,2288,6211,292152.593836212,4170.35769506673,73.9751851623334,72672,1387926,52.3601402380242
2017,"95",7314,4135,3179,265797.771275743,2932.46914334901,96.0069952793594,66278,1228618,53.945164404233
2018,"01",7595,5151,2444,197710.28626095,1903.06681875228,106.403916550975,19073,647634,29.4502759274529
2018,"02",5308,4885,423,121809.46379975,1191.60205580491,105.87216289272,20410,533316,38.2699937747977
2018,"03",4095,3167,928,103250.095546963,1055.38604338688,98.3752491390272,10895,337171,32.3129806537336
2018,"04",2340,1341,999,152987.676609652,1882.15525800027,82.7521417557837,6689,164068,40.769680864032
2018,"05",2915,968,1947,158606.4143434,1996.1560351763,80.8339388357183,5414,140698,38.4795803778305
2018,"06",23489,3793,19696,252417.178044312,3142.80920802845,76.3573457747425,60560,1086219,55.7530295456073
2018,"07",3648,2811,837,155512.916012513,1725.83952867576,92.6349779668291,9241,326606,28.294030115797
2018,"08",2566,2171,395,116825.497004356,1128.17732938413,108.33837176517,9042,271845,33.2616012801413
2018,"09",2105,1803,302,120662.444869047,1345.18982534076,93.7291417057835,4874,153066,31.8424731815034
2018,"10",3597,2448,1149,120698.57491975,1186.24825236456,104.238316725363,11735,310020,37.8523966195729
2018,"11",6712,4915,1797,132090.839490401,1333.90717772235,100.491254388789,15411,372806,41.3378540044956
2018,"12",3215,2212,1003,116286.507882522,1243.44748074561,95.8861021912662,5814,279274,20.8182645000967
2018,"13",25990,8984,17006,315279.272643608,3363.21868785223,92.9492933140583,132059,2034357,64.9143685203728
2018,"14",11355,6923,4432,178845.734411061,1735.29595348921,106.537907531083,23389,694056,33.6990098781655
2018,"15",1633,1143,490,95628.8322530066,1103.7169287865,89.3703193294404,3256,144765,22.4916243567161
2018,"16",4274,3894,380,118595.532393141,1098.98483920722,109.060766920163,11913,351778,33.8651081079544
2018,"17",12643,9859,2784,157701.078894519,1546.29729259825,108.402432650333,25415,646932,39.2854272164617
2018,"18",3567,3041,526,104219.063449902,1097.98988422382,95.2656024625292,10083,303408,33.2324790381269
2018,"19",2826,2294,532,110627.171998211,1184.16472540712,96.419217555818,6265,240583,26.0409089586546
2018,"21",7659,3983,3676,146717.112941272,1386.05423623015,107.721982222953,18072,533220,33.8922020929447
2018,"22",8696,7322,1374,124959.139086397,1306.45332676288,98.3476707469284,16051,599584,26.7702273576346
2018,"23",1304,1233,71,78880.6072456259,867.854057724857,94.7879087840542,2737,117503,23.2930223058135
2018,"24",5352,4745,607,151129.206050667,1414.81995950516,108.755537940958,10937,413418,26.4550648496195
2018,"25",6426,3293,3133,167270.772857851,1614.83039317928,109.272748791456,18643,541454,34.4313644372375
2018,"26",6655,4321,2334,201580.114544188,1977.53200027106,104.714683887582,21503,514732,41.7751373530303
2018,"27",6743,5933,810,163086.083656731,1669.08502840986,101.126092507556,18654,599962,31.0919691580467
2018,"28",5249,4353,896,157015.80228214,1575.56716156454,102.607346749618,12927,431997,29.9238189154091
2018,"29",13898,9826,4072,136561.990945455,1418.711212,98.3759422545454,29415,911735,32.2626640416349
2018,"2A",1850,610,1240,212590.085789474,2602.00831578947,78.8172050526316,5355,157853,33.9239672353392
2018,"2B",1815,654,1161,164865.068275862,2269.96826689655,74.7477356551724,5233,180701,28.9594412869879
2018,"30",10022,6347,3675,202187.241597633,2057.83482692308,98.3617219526627,32174,745458,43.1600438924795
2018,"31",18674,8640,10034,195890.8098778,1810.91694745418,110.064070549898,74489,1380672,53.9512643118713
2018,"32",2218,1960,258,164175.293361345,1372.12530392157,123.493668683473,4582,191283,23.9540366890942
2018,"33",23795,15045,8750,197919.170309478,1863.73109226306,111.986615319149,79553,1601845,49.6633569415268
2018,"34",20113,9378,10735,195906.860061728,2061.5879287037,96.0400832407407,64429,1159220,55.5796138782975
2018,"35",15130,8667,6463,155337.419,1591.58418060606,99.9492537575758,35286,1069228,33.0013804352299
2018,"36",2404,2177,227,96585.9650446429,1018.19739464286,93.2774092857143,6450,220595,29.2391033341644
2018,"37",8052,5311,2741,142386.939511278,1469.55422518797,99.5001739849624,22452,607760,36.9422140318547
2018,"38",16575,7909,8666,200827.01390593,2089.83442740286,99.45190599182,59208,1263563,46.8579722578138
2018,"39",2871,2113,758,135153.375833333,1314.21483833333,106.539569619048,8010,259746,30.8378184842115
2018,"40",6957,4871,2086,176115.265966667,1669.75126566667,110.814954666667,13142,410355,32.0259287689927
2018,"41",3913,3347,566,124348.070595238,1260.94321904762,101.634198492063,10023,330248,30.3499188488651
2018,"42",8606,4606,4000,150941.18807074,1481.22904565916,104.780841543408,29742,763441,38.9578238527928
2018,"43",2434,1894,540,107359.866327434,1125.08192389381,97.5011347345133,5712,227552,25.1019547180425
2018,"44",21803,13349,8454,179722.193883495,1923.74339223301,96.9787224271845,72978,1412502,51.6657675528955
2018,"45",8229,5828,2401,144475.200189274,1486.73107823344,100.763155205047,24299,678845,35.7946217472324
2018,"46",2093,1815,278,138508.650522648,1435.24659965157,100.316206062718,4794,173929,27.5629710974018
2018,"47",4411,3752,659,152060.286317568,1365.76219628378,112.932079087838,11786,331970,35.5032081212158
2018,"48",694,573,121,118863.032903226,1309.8230983871,90.4385991129032,1617,76520,21.131730266597
2018,"49",9809,7222,2587,152808.939306358,1441.50953410405,106.889950346821,23773,815883,29.1377562714262
2018,"50",6333,5498,835,131514.011674528,1367.98321084906,100.323210778302,11475,495983,23.1358736085713
2018,"51",6313,3855,2458,158188.41992,1469.0274882,110.56058572,23195,567462,40.874983699349
2018,"52",1516,1323,193,96095.2074380165,950.440630578512,104.47438214876,6205,174069,35.6467837466752
2018,"53",3573,3118,455,110996.83257384,1133.09060548523,99.350001350211,7629,307084,24.8433653332639
2018,"54",8912,5360,3552,143706.585720081,1317.882831643,112.903313549696,25863,733469,35.2612039499965
2018,"55",1835,1647,188,105424.899696133,980.324659668508,111.669821850829,5703,185355,30.7679857570608
2018,"56",11880,8706,3174,153717.939558233,1657.17713293173,95.3601573493976,21239,754867,28.1360822502507
2018,"58",2642,2313,329,86323.0290425532,1000.34893439716,89.1555981205674,6013,205828,29.2137124200789
2018,"59",31180,23837,7343,164304.422248428,1580.96382059748,105.206062012579,137025,2606234,52.5758623362292
2018,"60",9237,7237,2000,175937.760626959,1869.80787194357,99.1647759874608,32167,827153,38.8888150076225
2018,"61",3142,2896,246,118612.294595376,1239.41349768786,97.6121722254335,7623,281593,27.0709854293253
2018,"62",15932,13770,2162,147524.791531863,1437.36217365196,106.176248026961,58190,1466743,39.6729352040542
2018,"63",8178,5033,3145,122076.307902098,1288.73245897436,95.8303380885781,23864,659048,36.2098056590719
2018,"64",10221,4274,5947,178498.538474946,1622.23611089325,115.697628976035,21865,679810,32.1633985966667
2018,"65",3277,1868,1409,145087.29347561,1475.64093658537,106.566587530488,7733,229191,33.7404173811363
2018,"66",9285,5251,4034,147849.5575,1776.65281634615,84.8628899519231,24535,476357,51.5054885306608
2018,"69",23879,6844,17035,242417.540113208,2395.3231890566,103.051864264151,116125,1859524,62.4487772139537
2018,"70",2231,1890,341,112916.871698565,1059.20369952153,109.924402607656,6610,236018,28.006338499606
2018,"71",6092,4732,1360,128696.728990476,1280.57490990476,102.466753333333,16174,552185,29.2909079384627
2018,"72",6733,5500,1233,118916.43226087,1213.69329942029,99.1531271884058,19839,565963,35.0535282341779
2018,"73",7600,2367,5233,192385.926666667,2379.90652962963,86.6956952592593,16782,433724,38.6928092519667
2018,"74",13058,4257,8801,298432.932971014,3378.57748913043,91.1025482246377,29824,816699,36.5177378691537
2018,"75",30166,108,30058,492811.5,9339.571,52.1805,268961,2175601,123.62606930223
2018,"76",15493,10410,5083,160965.505368732,1639.56254852507,102.402487168142,49508,1255883,39.4208696192241
2018,"77",17697,11269,6428,218853.482071713,2327.79812350598,101.135175099602,61775,1412516,43.7340178801514
2018,"78",17602,8298,9304,325429.800787402,3074.30537007874,111.358077244094,54560,1441398,37.8521407688924
2018,"79",4620,4235,385,111018.500619835,1022.34941487603,110.847695041322,9710,374799,25.9072196030406
2018,"80",6504,5492,1012,130205.649285714,1359.27281592262,99.213062202381,23959,570662,41.9845723037455
2018,"81",4548,3854,694,149591.707836879,1370.58116205674,111.379548617021,11608,388596,29.8716404697938
2018,"82",3122,2533,589,153970.213806818,1444.87395454545,110.182340795455,7909,259124,30.5220666553465
2018,"83",19621,8384,11237,259689.085810811,3031.11644594595,87.200027972973,51421,1067697,48.1606673054247
2018,"84",7459,5001,2458,295891.919727891,2647.18399319728,108.355168843537,24123,559793,43.092714628443
2018,"85",11440,9479,1961,142432.405889328,1486.39117312253,100.633965731225,18298,679991,26.9091796803193
2018,"86",5202,4025,1177,116277.358461538,1154.35761115385,102.504003269231,14023,437586,32.0462720470947
2018,"87",4654,3277,1377,103474.565714286,1105.32819100529,95.082307989418,10516,373199,28.1779961897004
2018,"88",3903,2827,1076,105596.067096774,1057.03838039702,106.883908833747,11128,366112,30.3950703609824
2018,"89",4242,3683,559,111969.79754522,1171.40375503876,99.0655327390181,13041,337504,38.639542049872
2018,"90",1471,774,697,177530.207777778,1622.99091111111,111.691446666667,5105,141852,35.9882130671404
2018,"91",14893,8058,6835,257418.790052356,2863.03183769634,94.7562667015707,54581,1296641,42.0941494214667
2018,"92",20278,2684,17594,435841.105555556,5970.04002777778,71.5263361111111,72184,1619120,44.5822422056426
2018,"93",14667,4865,9802,222916.3775,3523.34795,66.51333,115785,1632677,70.9172726754894
2018,"94",16082,4173,11909,295666.621276596,4279.19140425532,72.8642853191489,70948,1396913,50.7891328951767
2018,"95",14323,7587,6736,261278.161581921,2887.11101694915,96.9094603954802,63900,1238581,51.5912968146613
2019,"01",8556,5768,2788,202247.970236312,1964.57318378835,105.368883550829,19535,652432,29.9418176913456
2019,"02",5856,5297,559,120537.016718659,1196.64826623512,104.41008558986,20382,531345,38.3592581091381
2019,"03",4464,3338,1126,100010.490582346,1054.45134608878,95.6866411147678,10966,335975,32.6393332837265
2019,"04",2708,1501,1207,164436.894884293,1926.93258359069,83.7810018988155,6775,164308,41.2335370158483
2019,"05",3236,1020,2216,157675.412707974,2061.10445654731,80.0245448406037,4859,141220,34.4073077467781
2019,"06",26060,4082,21978,243208.973663993,3118.20033821247,74.5049117213636,60729,1094283,55.4966128506063
2019,"07",3980,3026,954,155460.946073129,1738.94028848307,91.6365461579675,9287,328278,28.2900468505352
2019,"08",2729,2262,467,118942.098344424,1133.74605515982,108.143106583219,9375,270582,34.6475375302127
2019,"09",2398,2038,360,122078.202257558,1320.53278033529,95.7590937154664,5099,153287,33.2643994598368
2019,"10",4075,2708,1367,122217.614651353,1192.04603261351,105.909917471485,11866,310242,38.2475615809594
2019,"11",6931,4926,2005,131851.871042097,1370.10576141221,97.9101665054837,15431,374070,41.2516373940706
2019,"12",3555,2389,1166,118315.911144326,1266.40254103952,94.4244389755816,6048,279595,21.6312881131637
2019,"13",28399,9606,18793,326237.799309057,3489.60175920076,92.0843100952803,131946,2043110,64.5809574619086
2019,"14",13205,7906,5299,188935.77866664,1803.80469997476,107.839588640424,22402,694905,32.2375000899403
2019,"15",1670,1231,439,96735.9596227617,1121.11638921033,88.5686082219346,3124,144692,21.5906891880684
2019,"16",4815,4364,451,128546.781527146,1154.61577058127,112.157883008745,11792,352015,33.4985725040126
2019,"17",13890,10728,3162,166118.642130745,1609.83800481358,110.145479857956,26356,651358,40.4631554383304
2019,"18",4074,3428,646,103827.158364313,1065.87301521927,99.222102305424,10037,302306,33.2014581252109
2019,"19",3097,2456,641,109830.30053722,1209.06731054434,93.615991001286,6454,240073,26.8834896052451
2019,"21",8692,4424,4268,142901.698813137,1392.62892290246,105.595098676423,18414,534124,34.4751406040545
2019,"22",10203,8420,1783,126201.004171467,1322.95985484326,97.4721295799985,16151,600582,26.892247852916
2019,"23",1435,1341,94,83482.5190953135,865.647101136011,97.6580420090431,2777,116617,23.8129946748759
2019,"24",5975,5178,797,151394.915206182,1440.7949762592,108.59537920321,11000,413223,26.6200090508031
2019,"25",7234,3589,3645,166525.042960788,1650.23156142542,105.225616294798,18264,543974,33.5751341056742
2019,"26",7446,4733,2713,203377.698690157,2028.10961855718,102.591791122252,21702,516762,41.996122005875
2019,"27",8135,7141,994,163873.528290254,1664.50188711188,102.553518717393,18390,599507,30.6752047932718
2019,"28",6079,4953,1126,157958.949625717,1590.55018394528,102.662004075233,12698,431575,29.4224642298558
2019,"29",16400,11505,4895,140733.135375188,1447.19889109227,99.6399052656269,28804,915090,31.4766853533532
2019,"2A",1967,640,1327,220126.920398642,2656.96124685053,78.0020457529759,5157,158507,32.5348407325859
2019,"2B",1907,730,1177,168784.72601398,2274.77912381259,75.3065018727631,5474,181933,30.087999428361
2019,"30",10921,6856,4065,199559.940460553,2029.75877375939,99.5387520287324,33088,748437,44.209465860186
2019,"31",20941,9361,11580,197946.317066175,1840.9898492247,111.322213654375,75828,1400039,54.1613483624385
2019,"32",2589,2232,357,169986.059435544,1416.15897689146,126.852466975436,4498,191377,23.5033467971595
2019,"33",24704,15623,9081,200329.640866778,1936.91458881376,108.65939785341,84978,1623749,52.3344433160544
2019,"34",22562,10371,12191,205449.618685797,2102.27530497597,97.8351223267323,67501,1175623,57.4172162334354
2019,"35",16565,9583,6982,156985.630452788,1622.16876406781,99.2844584456238,34493,1079498,31.9528151047987
2019,"36",2769,2521,248,93283.3856202803,1013.23001050321,94.4134126812062,6118,219316,27.895821554287
2019,"37",9104,6023,3081,153512.481912188,1540.89702155379,102.944676456763,22374,610079,36.6739389488902
2019,"38",18906,8942,9964,206354.898753922,2154.40250575057,98.9380965168356,62263,1271166,48.9810142813763
2019,"39",3127,2275,852,143988.78271558,1365.78158651551,108.649923777204,7517,259199,29.0008834910629
2019,"40",7751,5223,2528,176361.819874918,1740.32426835236,108.663432165479,12556,413690,30.351229181271
2019,"41",4377,3758,619,128069.482205307,1283.31682190393,100.56306543027,9882,329470,29.9936261268097
2019,"42",9670,5023,4647,150440.939481158,1485.07124171478,102.414122217841,29599,765634,38.6594639214037
2019,"43",2600,2051,549,108172.738506234,1150.4723753313,95.9987103336805,5674,227570,24.932987652151
2019,"44",24221,14715,9506,186677.829726756,2000.01188865517,97.3516611981644,74137,1429272,51.8704627250796
2019,"45",9387,6579,2808,150885.975600444,1511.77101649668,104.036989823648,22177,680434,32.5924336526393
2019,"46",2366,2076,290,142037.207462962,1473.23843335052,99.6449751753356,4618,174094,26.5258998012568
2019,"47",4900,4039,861,153406.344314878,1372.95840781612,113.945729587024,11087,331271,33.4680669300965
2019,"48",789,662,127,117219.806874095,1392.70524430057,88.8272964956349,1770,76604,23.1058430369171
2019,"49",11275,8213,3062,158865.876760466,1501.15040725918,108.130020710006,24169,818273,29.5365971992232
2019,"50",7297,6243,1054,135436.214870915,1397.88431122291,99.867060437827,11398,495045,23.0241695199426
2019,"51",7006,4172,2834,160677.015358864,1498.04906994291,109.649161974806,23339,566855,41.172786691482
2019,"52",1665,1443,222,91241.5290011452,894.983747504995,104.151856902323,6040,172512,35.0120571322575
2019,"53",4106,3527,579,110049.123532014,1137.2394183097,97.9278790701501,7651,307062,24.9167920485114
2019,"54",10091,6074,4017,141057.59724804,1318.03298566307,111.949193328638,25222,733760,34.3736371565635
2019,"55",2123,1912,211,100639.962619947,927.905645471834,112.440124832377,5709,184083,31.013184270139
2019,"56",13432,9748,3684,160293.327488329,1733.0583198752,95.6885283943126,21840,759684,28.7487955518347
2019,"57",1,1,0,314050,1256,250,33715,1046543,32.2155898037634
2019,"58",2809,2436,373,86255.0044021817,979.459078864295,90.5497589436898,6366,204452,31.1368927670064
2019,"59",34216,26059,8157,166616.648354428,1618.61077039008,103.895384703796,139897,2608346,53.6343721270108
2019,"60",10343,7936,2407,179207.429978148,1897.98133457184,99.5935934028266,30679,829419,36.9885425822172
2019,"61",3498,3182,316,122116.51439091,1238.83977673914,99.7050365346474,7390,279942,26.3983253673975
2019,"62",17564,14858,2706,151115.674208846,1461.86865375624,106.492203590606,57614,1465278,39.3195011458576
2019,"63",9032,5538,3494,127232.673566898,1341.91122443888,96.3928862235008,23368,662152,35.2909905882637
2019,"64",11355,4743,6612,181151.196727798,1640.0947582199,117.043764395175,21553,682621,31.5738894642855
2019,"65",3814,2170,1644,150421.283207666,1502.40885214147,107.959347099344,7613,229567,33.1624318826312
2019,"66",10598,6128,4470,148622.947378481,1759.03588044685,85.494166271845,25355,479979,52.8252277703816
2019,"69",26447,7539,18908,251523.129476514,2513.84457943656,102.024680575969,116054,1875747,61.8708173330412
2019,"70",2389,2001,388,116408.827839778,1098.81104684766,110.289284782165,6595,235313,28.0265008733049
2019,"71",6792,5213,1579,134697.597424174,1331.91082672081,102.788883706271,15707,551493,28.4808692041422
2019,"72",7730,6230,1500,123634.989925161,1232.15322850481,101.426013093857,21060,566412,37.1814156479736
2019,"73",8770,2697,6073,200849.154703324,2463.99653621413,87.2092727036107,16160,436434,37.0273626711026
2019,"74",14326,4632,9694,305979.003214842,3465.26424192451,91.0572321461145,30200,826094,36.5575830353446
2019,"75",30536,104,30432,523267.241878439,9863.22131254912,52.4817264867697,297227,2165423,137.260479823111
2019,"76",17647,11541,6106,162444.680285684,1663.11555631481,100.492491588716,52328,1255633,41.6745975934051
2019,"77",19418,12102,7316,223992.035319201,2335.8943328315,102.420064083213,58566,1421197,41.2089245896241
2019,"78",19545,9056,10489,325268.814347001,3150.85295759461,108.143600441554,53879,1448207,37.2039356252248
2019,"79",5374,4926,448,111842.779749229,1035.26806441286,110.403047619782,10662,374878,28.4412528876061
2019,"80",7247,5919,1328,131336.477968004,1375.61941567149,98.714832255943,23080,570559,40.4515571571038
2019,"81",4967,4204,763,157185.393352452,1398.01162356042,114.089254733939,11815,389844,30.3069945927089
2019,"82",3565,2844,721,156864.54611077,1481.90823932171,109.33044897899,7335,260669,28.1391343044244
2019,"83",21830,9194,12636,268189.015897889,3063.21533699906,87.1333178611245,50701,1076711,47.0887731248218
2019,"84",7926,5285,2641,275234.684172918,2644.91963132484,101.573269010232,24410,561469,43.4752408414356
2019,"85",13417,10974,2443,143908.309306763,1528.02242103404,98.6850560354303,18443,685442,26.9067258790678
2019,"86",6050,4747,1303,115326.096529393,1127.1304498964,103.230358162376,14306,438435,32.6296942534241
2019,"87",5193,3530,1663,111206.444810859,1161.52046394972,98.2700117416897,10725,372359,28.8028488635967
2019,"88",4542,3278,1264,107891.203661176,1060.98125912893,104.817979906847,11619,364499,31.8766306629099
2019,"89",4622,3934,688,111967.580666911,1153.04476097892,100.028812475483,12025,335707,35.8199263047836
2019,"90",1593,783,810,175540.313806775,1622.28953718729,110.115954772279,4917,141318,34.793869146181
2019,"91",17197,9003,8194,263434.516528784,2905.1538213934,96.5281884257046,52708,1301659,40.4929401632839
2019,"92",21449,2811,18638,443369.933975941,6229.80004737334,70.3303274821549,74558,1624357,45.9000084341065
2019,"93",15497,5150,10347,239052.321426153,3728.00254851414,67.323363146027,120751,1644903,73.4091919097965
2019,"94",17230,4364,12866,304784.574819129,4457.35825773617,72.2994439141877,72408,1407124,51.4581515204062
2019,"95",15770,8165,7605,271518.977644212,2990.55580314246,95.8735035857354,65296,1249674,52.2504269113385
2020,"01",8363,5570,2793,213695.211827012,2073.05421437574,106.002913256595,16609,657856,25.2471665531667
2020,"02",6094,5520,574,126409.877031048,1255.79528870256,105.640060245576,17940,529374,33.8890840879983
2020,"03",4848,3628,1220,110148.023308988,1100.11044096658,100.478467582007,9424,335628,28.0787061866114
2020,"04",2806,1601,1205,169667.765495969,2004.3556018624,84.9739391146224,5615,165451,33.9375404198222
2020,"05",3242,1047,2195,175694.96288137,2103.82754414468,87.0211127541567,4433,140605,31.5280395434017
2020,"06",24117,4061,20056,255285.23273217,3166.81134830089,76.6305446195151,51369,1097410,46.8093055466963
2020,"07",4109,3174,935,161563.333764345,1796.12680150268,92.4122740098191,8300,329325,25.2030668792227
2020,"08",2711,2253,458,119670.502133631,1131.24990790967,109.500058903954,8032,269701,29.7811279898851
2020,"09",2560,2179,381,129988.755661765,1371.49089932796,96.9867692124493,4628,153954,30.0609272899697
2020,"10",4174,2787,1387,129784.177152095,1212.14288850538,109.192267464796,10432,311435,33.4965562637468
2020,"11",7248,5232,2016,132893.031165231,1407.0604868691,96.4447590270168,12999,375217,34.6439526993713
2020,"12",3719,2561,1158,121501.438087849,1320.94322783366,94.2114357007691,5343,279554,19.1125864770313
2020,"13",27305,9247,18058,354699.053075168,3691.66313504626,95.3314419246735,119573,2048070,58.3832583847232
2020,"14",13032,7773,5259,212040.467010341,1952.61572471108,110.780929590855,19112,697547,27.3988706137364
2020,"15",1725,1285,440,110511.51641521,1216.96300899438,91.8453678967552,2680,144379,18.5622562838086
2020,"16",4992,4484,508,132075.051336983,1154.40441244415,115.564236196508,10092,351718,28.6934419051627
2020,"17",13494,10738,2756,173279.540621317,1669.93097320047,109.72280490455,22537,655709,34.3704295655542
2020,"18",4130,3436,694,104049.50597117,1088.35016645383,96.3483728479814,7962,300933,26.4577165016798
2020,"19",3196,2591,605,117877.7198804,1241.92278310096,96.844952818941,5427,239190,22.6890756302521
2020,"21",8526,4388,4138,154499.260746975,1476.47094549103,107.008720399187,16481,535078,30.8011168465158
2020,"22",10579,8697,1882,138637.834985558,1418.74428586657,99.8772144854565,14265,603640,23.6316347491883
2020,"23",1546,1469,77,78844.016678261,847.406890762944,95.4571201880023,2371,115995,20.4405362300099
2020,"24",6264,5515,749,157744.642976995,1447.17142232758,111.580539167356,10063,412807,24.3770091107951
2020,"25",6916,3456,3460,176668.940972486,1712.81757787409,107.938372023621,16569,545209,30.3901806463209
2020,"26",6962,4460,2502,220370.800604569,2138.07317807389,104.41603555182,18928,517709,36.5610796798974
2020,"27",8589,7580,1009,175765.339355065,1755.10342197988,104.004714717523,17139,599668,28.580814717477
2020,"28",6328,5214,1114,164822.379963573,1618.33098703729,104.783628829233,11299,431443,26.1888592467603
2020,"29",16217,11416,4801,155314.382603774,1575.77643644673,101.019935815178,24795,917179,27.0339813711391
2020,"2A",1807,620,1187,217457.211707171,2734.82578645251,74.1190016348696,4810,160814,29.9103311900705
2020,"2B",1863,668,1195,182539.038810139,2403.69041407421,75.5854912804613,4676,182887,25.5677002739396
2020,"30",10921,6919,4002,209635.210006023,2144.21964928808,98.409745625879,27969,751457,37.2196945400735
2020,"31",20725,9424,11301,203058.594785725,1896.89387341935,110.761417054195,65818,1415757,46.4896165090478
2020,"32",2636,2236,400,172902.449999121,1429.28028339702,125.680003399603,4112,191819,21.4368753877353
2020,"33",23905,15182,8723,213170.751605416,2059.64272166344,108.714108626692,76156,1636391,46.5389995422854
2020,"34",21946,10177,11769,210342.532006173,2194.28700277778,95.8799378703704,56866,1188973,47.8278312459576
2020,"35",15934,9728,6206,170023.964622356,1735.51995679758,100.754672507553,32271,1088855,29.637555046356
2020,"36",2794,2524,270,98697.0537662338,1028.38456709957,95.8381193073593,5559,218707,25.4175677961839
2020,"37",8913,5995,2918,154218.190483271,1561.90818513011,101.101724052045,19605,612119,32.0280860420931
2020,"38",18200,8411,9789,215454.842834331,2253.19276187625,99.2744191417166,52799,1277513,41.329520717206
2020,"39",3064,2248,816,145981.879903148,1362.39112372881,110.139317506053,6547,258798,25.2977225480877
2020,"40",7578,5299,2279,189337.43538961,1817.07393961039,111.529080487013,10960,418122,26.212445171505
2020,"41",4702,4012,690,133626.771395349,1321.06249263566,102.713744418605,7730,329357,23.4699733116345
2020,"42",10289,5377,4912,160271.521708861,1584.51833037975,103.379041772152,25404,768508,33.056259661578
2020,"43",2800,2264,536,112641.762330508,1218.77059449153,95.064734279661,5264,227489,23.1395803753149
2020,"44",22529,14113,8416,203272.104154589,2163.52488454106,97.6718725603865,62284,1445171,43.098014006647
2020,"45",9481,6803,2678,151929.582974684,1547.97395316456,102.117983037975,20412,682304,29.9162836506894
2020,"46",2429,2138,291,148220.013034483,1462.24572310345,103.233087413793,3961,174670,22.6770481479361
2020,"47",4923,4086,837,161204.492385621,1451.87878921569,113.856633235294,9280,330844,28.049473467858
2020,"48",918,767,151,121244.569545455,1370.59717651515,91.1358957575758,1688,76633,22.0270640585648
2020,"49",11134,8361,2773,163412.980852273,1593.35282727273,104.002335965909,21093,820713,25.700823552204
2020,"50",7675,6630,1045,144282.033822844,1502.93066037296,100.211352680653,9531,495093,19.250928613412
2020,"51",7039,4194,2845,166167.426235521,1506.0846488417,113.330650405405,19360,566659,34.1651681169804
2020,"52",1556,1353,203,99635.4536862745,918.238761176471,111.16632227451,5039,171798,29.3309584512043
2020,"53",4357,3860,497,112527.121890756,1151.46467815126,99.6519898319328,7002,306538,22.8421924851079
2020,"54",10125,6056,4069,150787.428951456,1399.35116815534,113.35521238835,22596,732590,30.8439918644808
2020,"55",2034,1801,233,105763.183550135,1012.87210542005,111.421912276423,5460,183001,29.8359025360517
2020,"56",13186,9742,3444,173338.16184739,1856.7529562249,97.1163561044177,19724,764161,25.8113146313408
2020,"58",2996,2588,408,94000.0151877133,1013.06411467577,93.6107337883959,5960,202670,29.4074110623181
2020,"59",33812,25335,8477,174971.131791277,1684.24152336449,105.737559610592,120807,2607746,46.3262142862073
2020,"60",10575,8075,2500,187868.447092308,1953.55440215385,101.682849184615,26915,829699,32.4394750385381
2020,"61",3879,3558,321,128719.865271739,1286.2539701087,102.045156820652,6726,278475,24.1529760301643
2020,"62",17902,15146,2756,156243.256975904,1525.78947072289,105.950604120482,50272,1462167,34.381845575779
2020,"63",8788,5574,3214,131794.71844098,1370.35670556793,97.7116548329621,19869,661852,30.02030665466
2020,"64",11160,4848,6312,192315.089447853,1750.03849182004,116.99974805726,17911,687240,26.062219894069
2020,"65",3894,2201,1693,154265.012514124,1530.91484322034,107.117822711864,6102,229788,26.5549114836284
2020,"66",10751,6133,4618,154374.672857143,1876.67973,83.7991112857143,22185,482765,45.9540356073866
2020,"69",24220,7139,17081,273191.962188679,2702.75553886792,102.748287471698,99088,1883437,52.6102014561676
2020,"70",2455,2082,373,126862.612147651,1174.5771753915,112.11400935123,5587,234601,23.8149027497752
2020,"71",7158,5566,1592,136423.11878453,1334.22265009208,103.107211896869,13695,551063,24.8519679238127
2020,"72",8073,6564,1509,127157.918735632,1247.99170689655,102.432732097701,16652,566993,29.3689692818077
2020,"73",8337,2661,5676,207309.986404494,2552.17054681648,87.8915743071161,13688,439750,31.1267765776009
2020,"74",14161,4623,9538,323141.041155235,3651.28068231047,92.2846493862816,26972,835206,32.2938293067818
2020,"75",24583,91,24492,542412.4,10415.65,51.82065,223571,2145906,104.184899058952
2020,"76",17568,11487,6081,174088.175502183,1740.6051426492,103.452083813683,43165,1254739,34.4015767422548
2020,"77",18975,11864,7111,234480.262055888,2457.02281836327,102.377179540918,50718,1428636,35.50099535501
2020,"78",18303,8819,9484,342507.36328125,3260.56826953125,110.126336523438,49073,1449723,33.8499147768229
2020,"79",5649,5148,501,119790.772031873,1084.30660996016,112.833060119522,9041,374481,24.1427468950361
2020,"80",7483,6128,1355,136191.638610709,1385.95386237337,101.67356357453,19555,568748,34.3825384880474
2020,"81",5113,4302,811,168184.203706294,1509.61736958042,111.581154020979,10097,391066,25.819171188495
2020,"82",3643,2909,734,172210.320163043,1556.68668532609,114.429701467391,6687,262316,25.4921545006786
2020,"83",22566,9608,12958,284066.833087248,3126.93361744966,92.3491097315436,44400,1085189,40.9145319386761
2020,"84",7707,4944,2763,296373.392517007,2811.18508843537,104.546382380952,20468,561941,36.4237526715438
2020,"85",13284,10820,2464,154649.864357977,1629.56492412451,99.9917640077821,16261,692705,23.4746392764597
2020,"86",6211,4926,1285,120805.561192308,1188.72747038462,104.413007730769,12086,439332,27.509946919414
2020,"87",5274,3715,1559,113334.596701571,1175.2659895288,99.1561244502618,9212,372123,24.7552556547163
2020,"88",4466,3269,1197,113898.210940594,1104.34591311881,107.12488519802,10157,362397,28.0272739564621
2020,"89",4961,4266,695,116659.210788804,1180.49778575064,101.567499389313,11333,334156,33.9152970468883
2020,"90",1584,750,834,187036.257865169,1685.52056179775,112.498074719101,3831,140120,27.3408506994005
2020,"91",16011,8306,7705,270560.80052356,3029.52184816754,94.8172787434555,48206,1306118,36.9078444673452
2020,"92",18574,2333,16241,477982.816666667,6629.36666666667,71.5350591666667,67157,1626213,41.2965583229257
2020,"93",13789,4348,9441,248006.125,3956.0238,65.99659875,108075,1655422,65.2854679954718
2020,"94",15557,3910,11647,322031.123404255,4714.5224893617,72.3398819148936,65879,1407972,46.789992982815
2020,"95",14594,7378,7216,278883.528248588,3112.48948587571,95.0157828248588,54615,1251804,43.6290345772981
2021,"01",9835,6494,3341,234988.511846986,2232.69859577708,107.473363121379,18269,657856,27.7705151279307
2021,"02",7279,6563,716,131788.31672436,1289.25806981784,105.113267322414,17549,529374,33.1504758450547
2021,"03",5745,4296,1449,108754.224534979,1126.04621126424,98.4005832219573,10117,335628,30.1434921996973
2021,"04",2830,1621,1209,183914.714624717,2130.77242521615,86.6630897971215,5959,165451,36.0167058524881
2021,"05",3042,968,2074,174138.708960627,2232.60136385268,81.9558014990128,4623,140605,32.8793428398706
2021,"06",27955,4995,22960,270251.370295196,3268.20681215575,77.1776371454741,54240,1097410,49.4254654140203
2021,"07",2013,1579,434,174255.036084656,1954.97295222799,92.9857892033612,9283,329325,28.1879602216655
2021,"08",3193,2646,547,122699.224312989,1178.90914955485,107.218167011384,8807,269701,32.6546805536502
2021,"09",3150,2693,457,131366.632903664,1467.64366435519,93.776954773363,4476,153954,29.0736193928056
2021,"10",4937,3277,1660,137650.523214118,1325.56108752987,106.920102041161,10379,311435,33.3263762903977
2021,"11",9046,6473,2573,149030.725932795,1498.60277154976,100.113810644875,14147,375217,37.7035155656593
2021,"12",4049,2907,1142,127398.314297647,1372.42376478241,95.6840759487154,5697,279554,20.3788892307032
2021,"13",27388,10144,17244,388031.5655367,3951.29077977829,95.4297999842796,138103,2048070,67.430800705054
2021,"14",13102,7815,5287,236030.891455962,2169.99632853113,110.987519976859,20976,697547,30.071091983766
2021,"15",2199,1607,592,109101.552798468,1244.91951128446,91.9561125668474,2827,144379,19.5804098934056
2021,"16",6002,5454,548,140492.322375744,1253.44964110002,113.409946053218,11282,351718,32.07683428201
2021,"17",15164,12056,3108,192398.423399682,1841.64557494146,111.681687008877,22893,655709,34.9133533320421
2021,"18",5143,4341,802,111846.009372216,1166.42878630414,97.1918974044323,8983,300933,29.8504982836711
2021,"19",3840,3088,752,122428.963466674,1336.69269965051,93.7694663703888,6037,239190,25.2393494711317
2021,"21",8633,4355,4278,164086.873492555,1536.82434261973,108.836618432099,16746,535078,31.2963717439327
2021,"22",12728,10602,2126,155337.24242975,1597.16521632754,99.0513857093952,14879,603640,24.6487972964018
2021,"23",2072,1961,111,85698.7600033321,910.896064306127,96.4790809501827,2585,115995,22.2854433380749
2021,"24",8320,7310,1010,171680.004907619,1578.47258474376,111.265754888714,10593,412807,25.6609020680366
2021,"25",7492,3682,3810,185368.863450292,1827.46398056917,106.808268180598,17450,545209,32.006074734643
2021,"26",8146,5330,2816,231849.555962694,2234.11539009717,104.048888413206,20571,517709,39.7346772028302
2021,"27",9663,8411,1252,192938.118160186,1911.24364971196,104.517321661609,17823,599668,29.7214458667129
2021,"28",7417,5990,1427,178427.000410791,1775.61734815636,104.071822232381,12008,431443,27.8321817714043
2021,"29",16297,11347,4950,174612.870977406,1778.69481325708,100.773147676083,26418,917179,28.8035378045071
2021,"2A",2329,798,1531,240081.062939024,2866.02636927267,79.6797288252147,5202,160814,32.3479299066002
2021,"2B",1820,627,1193,197787.488007032,2647.27482296042,73.7841694264869,5009,182887,27.3884967220196
2021,"30",13266,8464,4802,231555.121931603,2263.67674222351,102.890806852774,28391,751457,37.7812702523232
2021,"31",23453,11185,12268,222603.361272338,2045.44199983752,112.218403413653,68246,1415757,48.2046000832064
2021,"32",3399,2928,471,190614.322701175,1559.43204971297,125.956057196062,4331,191819,22.5785766790568
2021,"33",28365,17997,10368,233036.235992382,2212.09577576092,112.091486680102,79974,1636391,48.8721827484996
2021,"34",25949,12142,13807,232608.932169775,2395.64587172749,97.4250653398101,59137,1188973,49.7378830301445
2021,"35",17974,10823,7151,188033.414981542,1929.22130431151,100.202347542519,33078,1088855,30.3787005615991
2021,"36",3468,3181,287,96326.2132451327,1036.99057087308,93.8121536022395,6518,218707,29.8024297347593
2021,"37",8868,6101,2767,171743.130910858,1714.21111216667,102.520085094096,22571,612119,36.8735490974794
2021,"38",15991,6980,9011,231607.913573588,2413.21806226068,99.5118533213746,56498,1277513,44.2249902740716
2021,"39",3643,2649,994,153846.748139535,1494.9231244186,107.683359418605,6745,258798,26.0627980123494
2021,"40",8853,6184,2669,209937.834171975,1982.47808917197,112.521331815287,12047,418122,28.8121648705402
2021,"41",5686,4909,777,139870.274545455,1384.12170681818,102.513302121212,8812,329357,26.7551623314519
2021,"42",11747,5972,5775,174876.752288401,1708.26788840125,103.780983667712,28310,768508,36.8376126208185
2021,"43",2809,2198,611,114450.926455696,1228.06255696203,95.0999643037975,5781,227489,25.4122177336047
2021,"44",25706,15961,9745,223946.125072464,2396.40969178744,97.50763,66729,1445171,46.1737745913805
2021,"45",11335,8211,3124,163190.217106918,1638.33628081761,103.237589308176,21417,682304,31.3892341243786
2021,"46",3025,2692,333,165585.443355482,1634.28674219269,104.558139435216,4086,174670,23.3926833457377
2021,"47",5673,4710,963,178562.818888889,1520.49726830065,118.654040915033,10377,330844,31.3652355793063
2021,"48",976,822,154,127935.110147059,1574.03134779412,88.0061797058823,1810,76633,23.6190675035559
2021,"49",12597,9302,3295,186737.041988636,1785.85204659091,106.571988352273,22742,820713,27.7100521132235
2021,"50",6351,5502,849,156434.627119048,1572.27822714286,103.51455302381,10701,495093,21.6141209833304
2021,"51",7159,4277,2882,171645.422428843,1546.88495028463,112.148997609108,21567,566659,38.0599266931259
2021,"52",1997,1749,248,108107.085618375,977.997367491166,113.036616360424,5515,171798,32.101654268385
2021,"53",5173,4579,594,126089.668655462,1261.22842941176,101.072470252101,7587,306538,24.7506018829639
2021,"54",11457,6742,4715,157382.236583012,1455.77398397683,111.732469671815,25473,732590,34.7711543974119
2021,"55",2362,2098,264,111751.00465,1036.62893775,110.3264227,5967,183001,32.6063792001137
2021,"56",13534,10100,3434,196201.565301205,2075.85952128514,97.6443792771084,21095,764161,27.605439167924
2021,"57",1,1,0,195000,2786,70,30498,1049155,29.0691079964352
2021,"58",3710,3199,511,89535.9311333333,1027.55612933333,89.4627393333333,5498,202670,27.1278432920511
2021,"59",37851,28426,9425,189670.570561622,1814.02589453978,106.309596380655,129832,2607746,49.7870574818253
2021,"60",12034,9256,2778,201776.3393769,2066.48378966565,101.802570121581,29814,829699,35.9335132379333
2021,"61",4299,3910,389,138147.449205479,1384.73477534247,102.059420657534,7600,278475,27.2914983391687
2021,"62",19535,16471,3064,167793.311065868,1609.89485005988,107.153631341317,52534,1462167,35.9288644867515
2021,"63",5173,3238,1935,132933.908669834,1411.78170926366,95.6373271021378,21323,661852,32.2171724192115
2021,"64",12039,5016,7023,211743.932132505,1896.28620517598,118.229034741201,19130,687240,27.8359816075898
2021,"65",4741,2664,2077,168072.118416887,1608.08144722955,111.630553298153,6362,229788,27.6863891935175
2021,"66",7167,4215,2952,168299.422857143,1937.37364137931,88.5176725123153,22560,482765,46.7308110571396
2021,"68",1,1,0,180000,1500,120,23354,767842,30.4151114421977
2021,"69",27022,7950,19072,304854.370636704,3014.1898752809,102.179844531835,118531,1883437,62.9333500403783
2021,"70",2858,2399,459,129006.834061135,1217.72685982533,111.289927860262,5781,234601,24.6418386963397
2021,"71",8551,6533,2018,149122.34459854,1460.60704762774,102.707402755474,15617,551063,28.3397724035183
2021,"72",9631,7857,1774,135346.546685879,1331.88567550432,102.743914841499,18051,566993,31.836371877607
2021,"73",9332,3003,6329,229756.889741697,2846.34233948339,85.7860531734317,13379,439750,30.4241046048891
2021,"74",13964,4604,9360,353416.178411552,3910.43076895307,93.1999153429603,29181,835206,34.9386857853033
2021,"75",28505,82,28423,550317.5,10453.34,52.36611,223396,2145906,104.103348422531
2021,"76",17909,11632,6277,186508.508604317,1850.31722158273,103.942021194245,45303,1254739,36.1055167648411
2021,"77",21635,13633,8002,254430.848814229,2621.89065810277,103.355123992095,56794,1428636,39.754003119059
2021,"78",20867,10000,10867,368786.55625,3477.85721484375,110.777964179688,50663,1449723,34.9466760201776
2021,"79",6948,6352,596,124841.539604743,1144.04665770751,110.660717272727,9535,374481,25.4619059444938
2021,"80",8709,7218,1491,142743.080397163,1463.96979347518,100.140311744681,20441,568748,35.9403461638546
2021,"81",4577,3931,646,182517.897377622,1639.20624370629,111.864754965035,10766,391066,27.5298798668255
2021,"82",4197,3362,835,184298.165573771,1644.96009125683,115.83775704918,6703,262316,25.5531496363165
2021,"83",22960,9232,13728,301566.963716216,3351.02488513514,90.511595,49779,1085189,45.8712721931387
2021,"84",9145,6107,3038,352922.422972973,3131.34697972973,109.535019256757,23895,561941,42.5222576747381
2021,"85",14938,12202,2736,174827.09848249,1812.41769649805,102.24247848249,17049,692705,24.6122086602522
2021,"86",7121,5765,1356,125063.468867925,1232.19202301887,104.11002645283,13008,439332,29.6085875829669
2021,"87",6126,4372,1754,117034.891082474,1244.36554793814,95.5294863402062,11505,372123,30.9171967333382
2021,"88",5289,3774,1515,119920.96502439,1139.44541926829,109.608681731707,10373,362397,28.6233053805633
2021,"89",6121,5232,889,125566.695049505,1280.80711683168,99.8981802475247,12055,334156,36.0759645195657
2021,"90",1806,879,927,184121.570967742,1701.99320752688,111.975719892473,3990,140120,28.4755923494148
2021,"91",18359,9593,8766,293299.984020619,3224.86018041237,96.6293067525773,52743,1306118,40.3814969244739
2021,"92",21237,2735,18502,492515.736111111,6877.37563888889,70.9314547222222,73618,1626213,45.2695926056427
2021,"93",16105,5340,10765,265807.87,4205.84055,66.260572,115795,1655422,69.9489314507117
2021,"94",17254,4453,12801,344071.19787234,4942.39195744681,73.2113121276596,70982,1407972,50.4143548309199
2021,"95",16441,8389,8052,298228.322346369,3348.03306703911,94.8547654189944,57249,1251804,45.7331978488645
